image,type,beta,n_clusters,avg_intra_dist,std_intra_dist,importance
000001,clean,0.0,1.0,108.57342732601005,0.0,43264.0
000001,attacked,0.0,1.0,109.1904844891516,0.0,43264.0
000001,clean,0.05,2.0,55.15140943951212,54.15140943951212,43065.0
000001,attacked,0.05,2.0,48.874428168918676,46.99776229498755,30858.0
000001,clean,0.1,14.0,8.815841417764364,24.654584110777552,28247.0
000001,attacked,0.1,25.0,5.806661135895398,18.372818759232445,27675.0
000001,clean,0.15,40.0,4.495213934467687,15.294309315979994,26104.0
000001,attacked,0.15,163.0,2.5309833709456275,5.3545819998397,8784.0
000001,clean,0.2,152.0,2.745346928071367,5.418315332409234,7092.0
000001,attacked,0.2,81.0,2.991836253030696,4.648116878648235,4430.0
000001,clean,0.25,109.0,2.484923401967281,3.4307129302067536,3717.0
000001,attacked,0.25,76.0,2.4309015365483533,2.3164325329430953,2692.0
000001,clean,0.3,92.0,1.8979326798488187,1.529602789227928,2210.0
000001,attacked,0.3,70.0,2.3445489663586963,1.6008478703907318,1824.0
000001,clean,0.35,52.0,2.057238431064845,1.659964188160456,1598.0
000001,attacked,0.35,68.0,1.8891063902579721,1.201130636910589,1052.0
000001,clean,0.4,34.0,2.22655986530504,1.650378282302516,1049.0
000001,attacked,0.4,48.0,1.722456769901333,0.9666535316583864,678.0
000001,clean,0.45,32.0,1.9452471542593406,1.400842089894024,622.0
000001,attacked,0.45,27.0,1.6700966657378544,0.733012602816593,428.0
000001,clean,0.5,25.0,1.8158601144777646,1.2823351436033348,393.0
000001,attacked,0.5,21.0,1.3454343727511482,0.23225601020268016,266.0
000001,clean,0.55,12.0,2.37892742579479,1.4163934613695217,275.0
000001,attacked,0.55,14.0,1.2898172409338777,0.17371637436894882,169.0
000001,clean,0.6,11.0,1.8683148350043781,0.9798524226333724,178.0
000001,attacked,0.6,5.0,1.352176819359385,0.09487793047003956,105.0
000001,clean,0.65,7.0,1.49678256695837,0.5634224909171608,109.0
000001,attacked,0.65,0.0,0.0,0.0,67.0
000001,clean,0.7,4.0,1.4085848281433964,0.12718012183102723,71.0
000001,attacked,0.7,0.0,0.0,0.0,39.0
000001,clean,0.75,3.0,1.2031585694162434,0.14365480209038362,39.0
000001,attacked,0.75,0.0,0.0,0.0,25.0
000001,clean,0.8,1.0,1.304737854124365,0.0,24.0
000001,attacked,0.8,0.0,0.0,0.0,15.0
000001,clean,0.85,0.0,0.0,0.0,9.0
000001,attacked,0.85,0.0,0.0,0.0,7.0
000001,clean,0.9,0.0,0.0,0.0,3.0
000001,attacked,0.9,0.0,0.0,0.0,3.0
000001,clean,0.95,0.0,0.0,0.0,1.0
000001,attacked,0.95,0.0,0.0,0.0,2.0
000006,clean,0.0,1.0,106.13273942623637,0.0,43264.0
000006,attacked,0.0,1.0,108.70416029792823,0.0,43264.0
000006,clean,0.05,1.0,108.56548354762874,0.0,43262.0
000006,attacked,0.05,23.0,5.753926819180225,18.648586400680912,26381.0
000006,clean,0.1,23.0,5.722460039639887,18.556889507061868,25539.0
000006,attacked,0.1,77.0,4.291303325280279,8.29794611417196,11025.0
000006,clean,0.15,140.0,2.693869219769466,6.781762305771215,16525.0
000006,attacked,0.15,171.0,2.6529007628869388,2.9133991879103847,4596.0
000006,clean,0.2,101.0,3.7857954256132924,6.728851009518106,9532.0
000006,attacked,0.2,100.0,2.2673343454563413,2.5409772667434285,2914.0
000006,clean,0.25,150.0,3.236090803442227,3.5737601772251377,5311.0
000006,attacked,0.25,60.0,1.9049055152845051,2.1016146230060384,1297.0
000006,clean,0.3,163.0,2.437062476891284,2.548375304325386,3760.0
000006,attacked,0.3,15.0,2.8621135553173147,2.773302163258694,715.0
000006,clean,0.35,107.0,2.4010408094828963,2.514966304348788,2946.0
000006,attacked,0.35,15.0,2.129140348821342,0.9985927010451657,404.0
000006,clean,0.4,83.0,2.0656700916224726,2.383446521211179,2088.0
000006,attacked,0.4,18.0,1.5868616217626608,0.6522743415329846,228.0
000006,clean,0.45,70.0,1.704364572140807,1.6604759882535434,1101.0
000006,attacked,0.45,11.0,1.638404287047372,0.6314497127442112,139.0
000006,clean,0.5,34.0,1.7259669964894249,1.4396165356491153,705.0
000006,attacked,0.5,5.0,1.438503844226762,0.25347630229884227,79.0
000006,clean,0.55,11.0,2.322146426439529,1.867406821280582,474.0
000006,attacked,0.55,1.0,1.6243372121327835,0.0,54.0
000006,clean,0.6,9.0,2.0460843872640306,1.2636239596051049,305.0
000006,attacked,0.6,0.0,0.0,0.0,36.0
000006,clean,0.65,1.0,2.2395345336434564,0.0,184.0
000006,attacked,0.65,0.0,0.0,0.0,27.0
000006,clean,0.7,1.0,2.1429471396187703,0.0,110.0
000006,attacked,0.7,0.0,0.0,0.0,13.0
000006,clean,0.75,1.0,1.4966453944875109,0.0,55.0
000006,attacked,0.75,0.0,0.0,0.0,9.0
000006,clean,0.8,0.0,0.0,0.0,28.0
000006,attacked,0.8,0.0,0.0,0.0,3.0
000006,clean,0.85,0.0,0.0,0.0,18.0
000006,attacked,0.85,0.0,0.0,0.0,3.0
000006,clean,0.9,0.0,0.0,0.0,4.0
000006,attacked,0.9,0.0,0.0,0.0,1.0
000006,clean,0.95,0.0,0.0,0.0,1.0
000006,attacked,0.95,0.0,0.0,0.0,1.0
000008,clean,0.0,1.0,108.33256854719296,0.0,43264.0
000008,attacked,0.0,1.0,107.34841806893256,0.0,43264.0
000008,clean,0.05,1.0,108.47707683173398,0.0,43147.0
000008,attacked,0.05,51.0,3.46949545538893,12.066455933801164,23076.0
000008,clean,0.1,51.0,3.389399741002312,11.897418263718611,22925.0
000008,attacked,0.1,189.0,2.228980300177683,4.851373205835096,11102.0
000008,clean,0.15,118.0,2.281399609153803,7.616234800275155,17526.0
000008,attacked,0.15,188.0,2.204496101605394,2.0674579445744796,4927.0
000008,clean,0.2,207.0,2.2524864860058624,4.496791007777429,10499.0
000008,attacked,0.2,124.0,1.9135914947658648,1.5243608211280273,2707.0
000008,clean,0.25,201.0,2.3529929209234433,3.1372562172998237,6283.0
000008,attacked,0.25,67.0,1.6632948928026967,1.5184673147451162,1523.0
000008,clean,0.3,195.0,2.197360479331623,1.9634343525495217,4427.0
000008,attacked,0.3,19.0,2.0371970543514912,2.546254965462062,858.0
000008,clean,0.35,173.0,1.8838956171037158,1.3221455435199554,3217.0
000008,attacked,0.35,16.0,2.2129522339913903,1.7494645312228694,483.0
000008,clean,0.4,131.0,1.7580243829923328,1.049813633493628,2142.0
000008,attacked,0.4,15.0,2.0291230993862412,1.2649501616445955,278.0
000008,clean,0.45,104.0,1.5893506620093154,0.6803869983734773,1461.0
000008,attacked,0.45,12.0,1.8636902687448444,0.8716051270961682,175.0
000008,clean,0.5,66.0,1.460657126393665,0.37210311633683313,989.0
000008,attacked,0.5,13.0,1.4423279834905178,0.28386163484392923,130.0
000008,clean,0.55,29.0,1.418996751596342,0.3067985889457605,661.0
000008,attacked,0.55,7.0,1.3631847250656093,0.22130738808850497,92.0
000008,clean,0.6,8.0,1.3343872073962526,0.0784448152913132,402.0
000008,attacked,0.6,3.0,1.2895755838606744,0.23049698471424468,63.0
000008,clean,0.65,2.0,1.304737854124365,0.0,249.0
000008,attacked,0.65,0.0,0.0,0.0,46.0
000008,clean,0.7,1.0,1.304737854124365,0.0,136.0
000008,attacked,0.7,0.0,0.0,0.0,29.0
000008,clean,0.75,0.0,0.0,0.0,48.0
000008,attacked,0.75,0.0,0.0,0.0,21.0
000008,clean,0.8,0.0,0.0,0.0,21.0
000008,attacked,0.8,0.0,0.0,0.0,15.0
000008,clean,0.85,0.0,0.0,0.0,6.0
000008,attacked,0.85,0.0,0.0,0.0,7.0
000008,clean,0.9,0.0,0.0,0.0,3.0
000008,attacked,0.9,0.0,0.0,0.0,3.0
000008,clean,0.95,0.0,0.0,0.0,1.0
000008,attacked,0.95,0.0,0.0,0.0,2.0
000010,clean,0.0,1.0,108.98388905280044,0.0,43264.0
000010,attacked,0.0,1.0,109.04129280576801,0.0,43264.0
000010,clean,0.05,1.0,107.31080058389367,0.0,43249.0
000010,attacked,0.05,1.0,95.11469876285422,0.0,32522.0
000010,clean,0.1,6.0,19.94007541230137,37.57566011308306,31978.0
000010,attacked,0.1,199.0,2.308030831540503,5.611848094869744,18649.0
000010,clean,0.15,106.0,2.629267138234866,8.181548974239663,24031.0
000010,attacked,0.15,274.0,2.525080718424597,2.8747043944047586,8648.0
000010,clean,0.2,229.0,2.2057074723104915,4.81877495612797,16339.0
000010,attacked,0.2,211.0,1.999725675474367,1.7469101688326938,4434.0
000010,clean,0.25,229.0,2.801023268917634,4.802785858610831,10396.0
000010,attacked,0.25,105.0,1.7734268233793233,1.6589033709658416,2320.0
000010,clean,0.3,292.0,2.327181769226927,2.0949572953732245,6621.0
000010,attacked,0.3,59.0,1.8575999450263092,1.383851322159005,1282.0
000010,clean,0.35,232.0,2.040420727121436,1.5746167428777598,4567.0
000010,attacked,0.35,29.0,1.982023921321508,1.3366021803487131,748.0
000010,clean,0.4,167.0,1.8467069907323856,1.389303854993455,2835.0
000010,attacked,0.4,22.0,1.868215934111667,0.9160986083694461,400.0
000010,clean,0.45,113.0,1.6923187385068756,0.953524895602309,1901.0
000010,attacked,0.45,15.0,1.756393839310573,0.8048113706518779,238.0
000010,clean,0.5,74.0,1.6015347991784978,0.78981068572341,1205.0
000010,attacked,0.5,10.0,1.6413217591228229,0.5245442255613169,149.0
000010,clean,0.55,37.0,1.622049281554756,0.6020115415913082,800.0
000010,attacked,0.55,6.0,1.3812956490082169,0.30156435613446153,87.0
000010,clean,0.6,16.0,1.4987332647656362,0.6167364343665726,529.0
000010,attacked,0.6,2.0,1.304737854124365,0.0,55.0
000010,clean,0.65,7.0,1.4781356409462127,0.23373604770937245,340.0
000010,attacked,0.65,0.0,0.0,0.0,39.0
000010,clean,0.7,4.0,1.4049293602769746,0.17353677914316937,214.0
000010,attacked,0.7,0.0,0.0,0.0,25.0
000010,clean,0.75,2.0,1.1523689270621826,0.15236892706218252,89.0
000010,attacked,0.75,0.0,0.0,0.0,18.0
000010,clean,0.8,0.0,0.0,0.0,38.0
000010,attacked,0.8,0.0,0.0,0.0,13.0
000010,clean,0.85,0.0,0.0,0.0,19.0
000010,attacked,0.85,0.0,0.0,0.0,9.0
000010,clean,0.9,0.0,0.0,0.0,8.0
000010,attacked,0.9,0.0,0.0,0.0,4.0
000010,clean,0.95,0.0,0.0,0.0,4.0
000010,attacked,0.95,0.0,0.0,0.0,2.0
000011,clean,0.0,1.0,107.43903220832223,0.0,43264.0
000011,attacked,0.0,1.0,107.1144789059747,0.0,43264.0
000011,clean,0.05,1.0,110.20063935041571,0.0,43264.0
000011,attacked,0.05,1.0,92.24095003379325,0.0,28522.0
000011,clean,0.1,7.0,19.142767428078297,36.078467704556246,28451.0
000011,attacked,0.1,121.0,2.3647114942540153,4.233561866013547,7660.0
000011,clean,0.15,122.0,2.4300815667161566,8.255577110022676,24579.0
000011,attacked,0.15,71.0,1.9854388813265638,1.6922488892756138,2340.0
000011,clean,0.2,266.0,2.0142954961547717,3.1972413335193,11027.0
000011,attacked,0.2,33.0,1.854125333639352,1.9084494086631498,1048.0
000011,clean,0.25,133.0,2.386701202922656,3.023853603407672,3887.0
000011,attacked,0.25,8.0,2.997971632126973,3.469692342931901,560.0
000011,clean,0.3,105.0,1.921817013584589,1.3751245051144134,2351.0
000011,attacked,0.3,18.0,2.0378823173775107,2.414779290038609,434.0
000011,clean,0.35,71.0,1.6775193930087904,0.8051455037312631,1622.0
000011,attacked,0.35,20.0,1.9028516767232693,1.4996426740662876,323.0
000011,clean,0.4,43.0,1.5888963563649676,0.5951268203341431,1130.0
000011,attacked,0.4,17.0,1.8386167298339593,0.7921903157150002,234.0
000011,clean,0.45,29.0,1.5248834633365165,0.4630979628341214,583.0
000011,attacked,0.45,16.0,1.5625231437672258,0.5920060051256877,181.0
000011,clean,0.5,17.0,1.5312655620739262,0.43479336541200986,234.0
000011,attacked,0.5,12.0,1.5252428571979675,0.529665244187827,136.0
000011,clean,0.55,7.0,1.6501149873640575,0.433147187201304,166.0
000011,attacked,0.55,7.0,1.527707771687265,0.523090823293592,102.0
000011,clean,0.6,6.0,1.3547998218266268,0.2307390024079501,128.0
000011,attacked,0.6,3.0,1.2491822985688097,0.07856742013183865,70.0
000011,clean,0.65,5.0,1.3371207553835356,0.2262445053284488,92.0
000011,attacked,0.65,1.0,1.304737854124365,0.0,50.0
000011,clean,0.7,2.0,1.5075902489220376,0.20285239479767259,62.0
000011,attacked,0.7,0.0,0.0,0.0,35.0
000011,clean,0.75,1.0,1.6592269926957532,0.0,41.0
000011,attacked,0.75,0.0,0.0,0.0,23.0
000011,clean,0.8,0.0,0.0,0.0,23.0
000011,attacked,0.8,0.0,0.0,0.0,11.0
000011,clean,0.85,0.0,0.0,0.0,8.0
000011,attacked,0.85,0.0,0.0,0.0,7.0
000011,clean,0.9,0.0,0.0,0.0,6.0
000011,attacked,0.9,0.0,0.0,0.0,7.0
000011,clean,0.95,0.0,0.0,0.0,3.0
000011,attacked,0.95,0.0,0.0,0.0,3.0
000014,clean,0.0,1.0,110.37364553002541,0.0,43264.0
000014,attacked,0.0,1.0,109.59169986841896,0.0,43264.0
000014,clean,0.05,1.0,108.2463289595062,0.0,43258.0
000014,attacked,0.05,4.0,24.812593013777942,37.94791105644839,28855.0
000014,clean,0.1,7.0,15.516148343706728,30.47641831538402,28527.0
000014,attacked,0.1,115.0,3.894618074372396,9.160222194350295,17119.0
000014,clean,0.15,53.0,3.580553196387918,12.194177956130996,21624.0
000014,attacked,0.15,178.0,3.110730660355341,3.789333309139196,8772.0
000014,clean,0.2,160.0,3.587814704298274,6.44787252217376,13539.0
000014,attacked,0.2,214.0,2.1119257083090317,1.796587189730107,4754.0
000014,clean,0.25,179.0,3.295508441591463,4.012713495927078,9183.0
000014,attacked,0.25,123.0,1.9046499309269251,1.7020492139798529,2360.0
000014,clean,0.3,245.0,2.4294598852008455,2.5141142975618402,6623.0
000014,attacked,0.3,58.0,1.8073517532627645,1.5046565231434457,1155.0
000014,clean,0.35,238.0,2.0692945793547,1.5496274855941514,4418.0
000014,attacked,0.35,34.0,1.8269494617689095,1.2830452159297263,586.0
000014,clean,0.4,174.0,1.8888220388722554,1.1570016019029203,2786.0
000014,attacked,0.4,27.0,1.662693419372628,0.7704917888956729,354.0
000014,clean,0.45,109.0,1.735317229368972,1.0678221032686328,1774.0
000014,attacked,0.45,18.0,1.5760339594697963,0.5561603699311457,229.0
000014,clean,0.5,58.0,1.6647567963687915,1.1059283282565033,1055.0
000014,attacked,0.5,11.0,1.481534345940954,0.4234466560243022,152.0
000014,clean,0.55,26.0,1.5603883294706489,0.7852504241137049,607.0
000014,attacked,0.55,6.0,1.5929667731087573,0.5178293912605435,92.0
000014,clean,0.6,13.0,1.5459695440706405,0.7325611454873868,332.0
000014,attacked,0.6,2.0,1.460501055741545,0.15576320161718005,55.0
000014,clean,0.65,7.0,1.5394246332482282,0.7619762090249234,206.0
000014,attacked,0.65,1.0,1.304737854124365,0.0,36.0
000014,clean,0.7,4.0,1.5809424668571306,0.6660627193587709,112.0
000014,attacked,0.7,1.0,1.304737854124365,0.0,25.0
000014,clean,0.75,1.0,1.6162642573587247,0.0,61.0
000014,attacked,0.75,1.0,1.304737854124365,0.0,13.0
000014,clean,0.8,0.0,0.0,0.0,30.0
000014,attacked,0.8,0.0,0.0,0.0,5.0
000014,clean,0.85,0.0,0.0,0.0,13.0
000014,attacked,0.85,0.0,0.0,0.0,1.0
000014,clean,0.9,0.0,0.0,0.0,5.0
000014,attacked,0.9,0.0,0.0,0.0,1.0
000014,clean,0.95,0.0,0.0,0.0,1.0
000014,attacked,0.95,0.0,0.0,0.0,1.0
000015,clean,0.0,1.0,108.3952375676054,0.0,43264.0
000015,attacked,0.0,1.0,107.63905166044755,0.0,43264.0
000015,clean,0.05,1.0,109.21731905423054,0.0,42753.0
000015,attacked,0.05,22.0,6.685629455833015,19.38544701543792,20833.0
000015,clean,0.1,31.0,4.905439336423209,15.79348111590183,20578.0
000015,attacked,0.1,103.0,2.9848992162878676,6.515351936933048,10634.0
000015,clean,0.15,95.0,3.316451019910686,9.51957119606434,14609.0
000015,attacked,0.15,136.0,2.362769025324167,3.4582139595892025,5801.0
000015,clean,0.2,108.0,3.0774441173722717,6.460108492305442,10211.0
000015,attacked,0.2,111.0,2.119439566290958,2.1910203845242875,2725.0
000015,clean,0.25,149.0,2.5147595725528973,4.207212314630636,7453.0
000015,attacked,0.25,83.0,1.8252591650135344,1.6814327208369988,1525.0
000015,clean,0.3,141.0,2.3750440059475237,3.068993707899664,5195.0
000015,attacked,0.3,52.0,1.7730489026997047,1.2278669979993524,797.0
000015,clean,0.35,134.0,2.296841563968909,2.677224870450533,3636.0
000015,attacked,0.35,32.0,1.703910943303818,0.8952857270755312,435.0
000015,clean,0.4,115.0,2.0706444224378346,1.7556251442250452,2189.0
000015,attacked,0.4,17.0,1.6900835286714764,0.5837184581288566,243.0
000015,clean,0.45,102.0,1.7839755603454386,1.2278787916047318,1510.0
000015,attacked,0.45,13.0,1.3053726029940658,0.2096568332178352,160.0
000015,clean,0.5,82.0,1.599522495722517,0.7879725693305041,1033.0
000015,attacked,0.5,3.0,1.304737854124365,0.0,90.0
000015,clean,0.55,48.0,1.5162836521013532,0.5005797346550414,677.0
000015,attacked,0.55,2.0,1.304737854124365,0.0,59.0
000015,clean,0.6,27.0,1.3659210938236197,0.2983496395380698,408.0
000015,attacked,0.6,0.0,0.0,0.0,35.0
000015,clean,0.65,6.0,1.3911914137753536,0.21694553099111033,241.0
000015,attacked,0.65,0.0,0.0,0.0,22.0
000015,clean,0.7,2.0,1.479272633964414,0.17453477984004895,140.0
000015,attacked,0.7,0.0,0.0,0.0,14.0
000015,clean,0.75,0.0,0.0,0.0,64.0
000015,attacked,0.75,0.0,0.0,0.0,9.0
000015,clean,0.8,0.0,0.0,0.0,29.0
000015,attacked,0.8,0.0,0.0,0.0,6.0
000015,clean,0.85,0.0,0.0,0.0,17.0
000015,attacked,0.85,0.0,0.0,0.0,3.0
000015,clean,0.9,0.0,0.0,0.0,10.0
000015,attacked,0.9,0.0,0.0,0.0,2.0
000015,clean,0.95,0.0,0.0,0.0,2.0
000015,attacked,0.95,0.0,0.0,0.0,1.0
000018,clean,0.0,1.0,107.24940140768747,0.0,43264.0
000018,attacked,0.0,1.0,106.19937873942477,0.0,43264.0
000018,clean,0.05,1.0,108.16795990089106,0.0,43264.0
000018,attacked,0.05,2.0,48.93074231364877,46.98794471011373,32814.0
000018,clean,0.1,2.0,48.47967048052807,47.47967048052807,32958.0
000018,attacked,0.1,238.0,2.341097770830999,5.51450742355862,19196.0
000018,clean,0.15,87.0,2.857184170037583,10.11775623431713,28246.0
000018,attacked,0.15,184.0,2.274543600570827,2.522625580990361,5969.0
000018,clean,0.2,182.0,2.6433029192320943,6.371490167848448,20127.0
000018,attacked,0.2,94.0,1.9377240822998725,2.485674745468496,3183.0
000018,clean,0.25,291.0,2.373099424669299,3.408152427290372,10562.0
000018,attacked,0.25,53.0,2.1227770012508507,2.4418579781824805,1594.0
000018,clean,0.3,198.0,2.2755704043858,2.000756311462531,4753.0
000018,attacked,0.3,53.0,2.036272816121703,1.7843911019732004,957.0
000018,clean,0.35,124.0,2.0733698370171916,1.4234968242697645,2834.0
000018,attacked,0.35,39.0,1.78788262094086,1.2119121021421013,547.0
000018,clean,0.4,96.0,1.696395993321289,0.8107949316742219,1933.0
000018,attacked,0.4,19.0,1.702615714654394,0.6879704861763335,309.0
000018,clean,0.45,66.0,1.4510164614435015,0.4842120182688445,1389.0
000018,attacked,0.45,8.0,1.4508542649674439,0.3328158205630732,180.0
000018,clean,0.5,27.0,1.3812867257262311,0.3554094521233781,839.0
000018,attacked,0.5,8.0,1.2415360771984947,0.143423242674987,107.0
000018,clean,0.55,7.0,1.3804325286616808,0.2573454302947897,432.0
000018,attacked,0.55,1.0,1.304737854124365,0.0,60.0
000018,clean,0.6,4.0,1.3149631017365173,0.3093063415150466,278.0
000018,attacked,0.6,0.0,0.0,0.0,39.0
000018,clean,0.65,3.0,1.2822235114746097,0.2218151320549814,176.0
000018,attacked,0.65,0.0,0.0,0.0,18.0
000018,clean,0.7,1.0,1.304737854124365,0.0,105.0
000018,attacked,0.7,0.0,0.0,0.0,15.0
000018,clean,0.75,0.0,0.0,0.0,51.0
000018,attacked,0.75,0.0,0.0,0.0,8.0
000018,clean,0.8,0.0,0.0,0.0,23.0
000018,attacked,0.8,0.0,0.0,0.0,3.0
000018,clean,0.85,0.0,0.0,0.0,7.0
000018,attacked,0.85,0.0,0.0,0.0,2.0
000018,clean,0.9,0.0,0.0,0.0,1.0
000018,attacked,0.9,0.0,0.0,0.0,2.0
000018,clean,0.95,0.0,0.0,0.0,1.0
000018,attacked,0.95,0.0,0.0,0.0,2.0
000022,clean,0.0,1.0,109.80569672083065,0.0,43264.0
000022,attacked,0.0,1.0,108.08043434385476,0.0,43264.0
000022,clean,0.05,1.0,108.42515349066582,0.0,43264.0
000022,attacked,0.05,1.0,91.67083405950243,0.0,29632.0
000022,clean,0.1,14.0,8.570028739726704,23.04900012854553,28444.0
000022,attacked,0.1,76.0,3.2182403983732257,9.86909925927475,25198.0
000022,clean,0.15,117.0,2.5366394276412407,8.12253071391446,24194.0
000022,attacked,0.15,192.0,2.3067010921991864,6.077871964379635,17132.0
000022,clean,0.2,163.0,2.447428376549492,6.748972454915063,18431.0
000022,attacked,0.2,286.0,2.229250589579661,2.344484564815187,8471.0
000022,clean,0.25,315.0,2.2421772767582726,3.4161768509207606,11133.0
000022,attacked,0.25,230.0,1.8286302036098916,1.671448141711998,4230.0
000022,clean,0.3,272.0,2.123056669983287,1.8910640496836961,6559.0
000022,attacked,0.3,127.0,1.7776116556005093,1.4566057446585787,2114.0
000022,clean,0.35,243.0,1.7844132500553906,1.201487291310404,3739.0
000022,attacked,0.35,58.0,1.979170920782403,1.5413009992009736,1161.0
000022,clean,0.4,144.0,1.667451014646065,0.7297820202269838,2013.0
000022,attacked,0.4,35.0,1.9986664479879397,1.8194432681640258,687.0
000022,clean,0.45,76.0,1.5606443535357972,0.5923337227756728,1141.0
000022,attacked,0.45,17.0,2.213905647232626,2.0055922700410242,423.0
000022,clean,0.5,32.0,1.611073972909652,0.5562632721964219,647.0
000022,attacked,0.5,20.0,1.4381636427522069,0.3381749084291338,269.0
000022,clean,0.55,13.0,1.6333298098481304,0.5570404679611082,378.0
000022,attacked,0.55,15.0,1.3190719234823198,0.1525325828215944,168.0
000022,clean,0.6,7.0,1.460623304507224,0.272242409859685,204.0
000022,attacked,0.6,6.0,1.2539482117703042,0.11356909285658248,108.0
000022,clean,0.65,1.0,1.7194403545127355,0.0,113.0
000022,attacked,0.65,0.0,0.0,0.0,58.0
000022,clean,0.7,0.0,0.0,0.0,59.0
000022,attacked,0.7,0.0,0.0,0.0,35.0
000022,clean,0.75,0.0,0.0,0.0,35.0
000022,attacked,0.75,0.0,0.0,0.0,18.0
000022,clean,0.8,0.0,0.0,0.0,18.0
000022,attacked,0.8,0.0,0.0,0.0,9.0
000022,clean,0.85,0.0,0.0,0.0,9.0
000022,attacked,0.85,0.0,0.0,0.0,7.0
000022,clean,0.9,0.0,0.0,0.0,5.0
000022,attacked,0.9,0.0,0.0,0.0,5.0
000022,clean,0.95,0.0,0.0,0.0,4.0
000022,attacked,0.95,0.0,0.0,0.0,3.0
000025,clean,0.0,1.0,109.62500863115527,0.0,43264.0
000025,attacked,0.0,1.0,109.20869865277008,0.0,43264.0
000025,clean,0.05,3.0,54.959874942722394,53.65513708859803,43159.0
000025,attacked,0.05,18.0,6.7379318136718815,21.562165816119872,30032.0
000025,clean,0.1,23.0,5.865788509695119,18.94995752365412,28276.0
000025,attacked,0.1,196.0,2.5788173008247934,6.169730752018515,20306.0
000025,clean,0.15,81.0,3.9460135449319833,9.915295878920103,22964.0
000025,attacked,0.15,422.0,2.0034823748989945,1.8947741789390005,7763.0
000025,clean,0.2,233.0,2.738369888652725,5.115772529261791,17680.0
000025,attacked,0.2,265.0,1.5973745599714508,1.3034509421979057,4277.0
000025,clean,0.25,382.0,2.3450914215267935,3.0344177302120117,9884.0
000025,attacked,0.25,141.0,1.6385749458768513,1.2307825099457566,2203.0
000025,clean,0.3,397.0,1.8448360261112515,1.3804556709278997,5839.0
000025,attacked,0.3,65.0,1.6998478880184797,1.5566321017607077,1283.0
000025,clean,0.35,322.0,1.599940618388352,0.8716565983461847,4169.0
000025,attacked,0.35,33.0,1.9417732537840218,1.4285979603398269,771.0
000025,clean,0.4,208.0,1.4856191866536659,0.5727809479982413,2641.0
000025,attacked,0.4,29.0,1.6677032826792397,0.5839827105189579,466.0
000025,clean,0.45,150.0,1.3960938936289706,0.44232683646817367,1679.0
000025,attacked,0.45,21.0,1.4905598289330688,0.2516567688180401,273.0
000025,clean,0.5,85.0,1.3773566923873757,0.3760653201830216,1155.0
000025,attacked,0.5,15.0,1.4151036745161898,0.1867680451674286,176.0
000025,clean,0.55,47.0,1.3186596308578276,0.35697019577733785,780.0
000025,attacked,0.55,10.0,1.304737854124365,0.0,114.0
000025,clean,0.6,22.0,1.3177376595426884,0.3041702800800239,536.0
000025,attacked,0.6,4.0,1.304737854124365,0.0,73.0
000025,clean,0.65,6.0,1.2641061402411164,0.12019023052868771,365.0
000025,attacked,0.65,3.0,1.304737854124365,0.0,47.0
000025,clean,0.7,1.0,1.304737854124365,0.0,241.0
000025,attacked,0.7,0.0,0.0,0.0,25.0
000025,clean,0.75,0.0,0.0,0.0,142.0
000025,attacked,0.75,0.0,0.0,0.0,16.0
000025,clean,0.8,0.0,0.0,0.0,79.0
000025,attacked,0.8,0.0,0.0,0.0,10.0
000025,clean,0.85,0.0,0.0,0.0,35.0
000025,attacked,0.85,0.0,0.0,0.0,7.0
000025,clean,0.9,0.0,0.0,0.0,15.0
000025,attacked,0.9,0.0,0.0,0.0,3.0
000025,clean,0.95,0.0,0.0,0.0,3.0
000025,attacked,0.95,0.0,0.0,0.0,2.0
000027,clean,0.0,1.0,108.91890192845739,0.0,43264.0
000027,attacked,0.0,1.0,107.50465728900834,0.0,43264.0
000027,clean,0.05,1.0,108.95645016433325,0.0,43264.0
000027,attacked,0.05,32.0,5.152128279636344,19.093060987300152,39556.0
000027,clean,0.1,12.0,10.163709683971884,29.10876236478007,40645.0
000027,attacked,0.1,480.0,1.999526141013789,4.230763297310864,17246.0
000027,clean,0.15,105.0,2.695626949276802,10.857428147602617,35234.0
000027,attacked,0.15,189.0,1.8470376276875167,1.3045384725477085,4283.0
000027,clean,0.2,311.0,2.4504195644494717,6.62756622109023,25482.0
000027,attacked,0.2,24.0,2.0446254489872553,2.6213918640547633,1373.0
000027,clean,0.25,392.0,2.216800526160575,4.47941507057963,12429.0
000027,attacked,0.25,8.0,4.200943117822737,3.0678759328701535,784.0
000027,clean,0.3,307.0,2.021769004374279,2.3944641985486506,6283.0
000027,attacked,0.3,18.0,2.3152427438994376,1.6647931622968224,444.0
000027,clean,0.35,186.0,1.7154223306582537,0.7534482943144751,3448.0
000027,attacked,0.35,13.0,2.2888676832993244,1.0285162757604358,318.0
000027,clean,0.4,72.0,1.5658822729407353,0.4110872408076245,1929.0
000027,attacked,0.4,20.0,1.4221604426504633,0.5095908502431241,179.0
000027,clean,0.45,23.0,1.5783512785381164,0.3357964977045598,884.0
000027,attacked,0.45,6.0,1.3442703251535484,0.08839729253979461,106.0
000027,clean,0.5,8.0,1.3782663510045625,0.2450781765059011,546.0
000027,attacked,0.5,2.0,1.304737854124365,0.0,71.0
000027,clean,0.55,0.0,0.0,0.0,352.0
000027,attacked,0.55,0.0,0.0,0.0,54.0
000027,clean,0.6,0.0,0.0,0.0,260.0
000027,attacked,0.6,0.0,0.0,0.0,33.0
000027,clean,0.65,0.0,0.0,0.0,124.0
000027,attacked,0.65,0.0,0.0,0.0,22.0
000027,clean,0.7,0.0,0.0,0.0,94.0
000027,attacked,0.7,0.0,0.0,0.0,13.0
000027,clean,0.75,0.0,0.0,0.0,77.0
000027,attacked,0.75,0.0,0.0,0.0,8.0
000027,clean,0.8,0.0,0.0,0.0,70.0
000027,attacked,0.8,0.0,0.0,0.0,4.0
000027,clean,0.85,0.0,0.0,0.0,29.0
000027,attacked,0.85,0.0,0.0,0.0,2.0
000027,clean,0.9,0.0,0.0,0.0,2.0
000027,attacked,0.9,0.0,0.0,0.0,2.0
000027,clean,0.95,0.0,0.0,0.0,1.0
000027,attacked,0.95,0.0,0.0,0.0,2.0
001013,clean,0.0,1.0,109.84157965815601,0.0,43264.0
001013,attacked,0.0,1.0,108.4803547908459,0.0,43264.0
001013,clean,0.05,1.0,106.42889371779226,0.0,43256.0
001013,attacked,0.05,12.0,9.046046885071943,24.977258086196517,28502.0
001013,clean,0.1,7.0,15.170540882633944,32.152809673976606,27871.0
001013,attacked,0.1,85.0,2.675755963237923,10.066216110361626,22601.0
001013,clean,0.15,42.0,3.9930653226401085,14.220806324010011,24992.0
001013,attacked,0.15,160.0,2.713725513803909,3.9153887146273023,6871.0
001013,clean,0.2,148.0,2.547791176017155,6.435118966279316,10087.0
001013,attacked,0.2,152.0,2.0213174664552223,2.3940285067450047,3790.0
001013,clean,0.25,167.0,2.6425368366761455,3.6536947619991693,5948.0
001013,attacked,0.25,69.0,2.295312174957639,2.342530164039081,2141.0
001013,clean,0.3,177.0,2.2226320688181587,2.0887940080167557,3669.0
001013,attacked,0.3,48.0,2.0620300349813507,1.7402071819726173,1207.0
001013,clean,0.35,115.0,2.029045888369902,2.145443581619724,2567.0
001013,attacked,0.35,35.0,1.9142557968354452,1.0936178438314115,697.0
001013,clean,0.4,68.0,1.8939968393777387,1.6789299707885146,1727.0
001013,attacked,0.4,29.0,1.6527579756903317,0.6883002498956114,389.0
001013,clean,0.45,37.0,1.8519899002493239,1.4226867632359643,874.0
001013,attacked,0.45,17.0,1.5743014204718713,0.5686032902541038,249.0
001013,clean,0.5,17.0,2.0777150470498866,1.6125262423326592,607.0
001013,attacked,0.5,6.0,1.3545465313691765,0.23752032964322586,138.0
001013,clean,0.55,11.0,1.7026566679297594,0.49341166327256497,423.0
001013,attacked,0.55,6.0,1.2031585694162434,0.14365480209038362,90.0
001013,clean,0.6,3.0,1.404262372025098,0.3773302821843098,194.0
001013,attacked,0.6,2.0,1.304737854124365,0.0,57.0
001013,clean,0.65,1.0,1.6162642573587251,0.0,89.0
001013,attacked,0.65,0.0,0.0,0.0,40.0
001013,clean,0.7,1.0,1.304737854124365,0.0,49.0
001013,attacked,0.7,0.0,0.0,0.0,25.0
001013,clean,0.75,1.0,1.304737854124365,0.0,27.0
001013,attacked,0.75,0.0,0.0,0.0,13.0
001013,clean,0.8,0.0,0.0,0.0,16.0
001013,attacked,0.8,0.0,0.0,0.0,9.0
001013,clean,0.85,0.0,0.0,0.0,6.0
001013,attacked,0.85,0.0,0.0,0.0,5.0
001013,clean,0.9,0.0,0.0,0.0,4.0
001013,attacked,0.9,0.0,0.0,0.0,4.0
001013,clean,0.95,0.0,0.0,0.0,1.0
001013,attacked,0.95,0.0,0.0,0.0,2.0
001019,clean,0.0,1.0,107.15313975910034,0.0,43264.0
001019,attacked,0.0,1.0,109.34193661759124,0.0,43264.0
001019,clean,0.05,1.0,108.45959612404978,0.0,43261.0
001019,attacked,0.05,37.0,3.9969005792564554,15.724726388669067,30647.0
001019,clean,0.1,17.0,7.063055656045233,21.965395796393405,31274.0
001019,attacked,0.1,264.0,2.7352195267721067,4.1723619829539915,14550.0
001019,clean,0.15,81.0,3.072315338836135,10.366652584908726,24611.0
001019,attacked,0.15,193.0,1.9958349110791826,1.9420620300347835,5273.0
001019,clean,0.2,245.0,2.7238244733198393,4.576658303844447,15487.0
001019,attacked,0.2,56.0,2.1698129239483714,2.9195970355642893,2372.0
001019,clean,0.25,338.0,2.119722115850278,2.2001735813483405,8743.0
001019,attacked,0.25,38.0,2.4788783154320213,2.547706336203568,1376.0
001019,clean,0.3,222.0,1.9290994241642299,1.4557487260076425,4717.0
001019,attacked,0.3,36.0,2.4923676564201163,1.5899261652628949,903.0
001019,clean,0.35,149.0,1.7507372608678948,0.7398729658202536,2813.0
001019,attacked,0.35,40.0,1.891723252291958,0.9764088984952186,572.0
001019,clean,0.4,80.0,1.5511182493640068,0.5522327486637518,1865.0
001019,attacked,0.4,34.0,1.6258567155123795,0.6555659176241898,368.0
001019,clean,0.45,34.0,1.4825672333111186,0.44064778292919926,915.0
001019,attacked,0.45,19.0,1.4762510105923905,0.5062650914378247,242.0
001019,clean,0.5,12.0,1.430233180586299,0.25229047243818337,497.0
001019,attacked,0.5,7.0,1.4459884780148866,0.2059552130956286,146.0
001019,clean,0.55,7.0,1.304737854124365,0.0,330.0
001019,attacked,0.55,5.0,1.325510152692718,0.04154459713670624,99.0
001019,clean,0.6,3.0,1.304737854124365,0.0,224.0
001019,attacked,0.6,4.0,1.3307032273348065,0.044973345637972416,66.0
001019,clean,0.65,1.0,1.304737854124365,0.0,146.0
001019,attacked,0.65,1.0,1.304737854124365,0.0,36.0
001019,clean,0.7,0.0,0.0,0.0,87.0
001019,attacked,0.7,1.0,1.304737854124365,0.0,17.0
001019,clean,0.75,0.0,0.0,0.0,51.0
001019,attacked,0.75,0.0,0.0,0.0,10.0
001019,clean,0.8,0.0,0.0,0.0,25.0
001019,attacked,0.8,0.0,0.0,0.0,5.0
001019,clean,0.85,0.0,0.0,0.0,5.0
001019,attacked,0.85,0.0,0.0,0.0,5.0
001019,clean,0.9,0.0,0.0,0.0,2.0
001019,attacked,0.9,0.0,0.0,0.0,4.0
001019,clean,0.95,0.0,0.0,0.0,2.0
001019,attacked,0.95,0.0,0.0,0.0,2.0
001021,clean,0.0,1.0,110.86237826470445,0.0,43264.0
001021,attacked,0.0,1.0,108.54598642292952,0.0,43264.0
001021,clean,0.05,1.0,110.55204708318047,0.0,43264.0
001021,attacked,0.05,8.0,12.787875625661828,29.372986979084832,29737.0
001021,clean,0.1,6.0,16.613428080818974,33.27720976586474,29677.0
001021,attacked,0.1,147.0,3.146506100008599,6.651402244616702,15777.0
001021,clean,0.15,69.0,3.269768544065597,11.164457948179859,22909.0
001021,attacked,0.15,152.0,2.1791719549468898,2.7173305235592395,5856.0
001021,clean,0.2,175.0,3.0369535603654345,6.038179171035185,14622.0
001021,attacked,0.2,86.0,2.3718918327656957,2.8320066548906744,3762.0
001021,clean,0.25,205.0,2.338789220424978,2.8151097985004667,6556.0
001021,attacked,0.25,63.0,2.1100520920600565,2.4752151387857495,1863.0
001021,clean,0.3,172.0,2.0646941925881532,2.07094464604337,4800.0
001021,attacked,0.3,42.0,2.135388509405683,1.4946774935671798,1036.0
001021,clean,0.35,126.0,2.0062936816747827,2.038817260335668,3715.0
001021,attacked,0.35,34.0,1.9966125795476888,0.8999268411388993,665.0
001021,clean,0.4,91.0,2.1370865670691503,2.0540922959101855,2706.0
001021,attacked,0.4,22.0,1.7304492537927387,0.6521794168100615,377.0
001021,clean,0.45,74.0,1.8456493788370845,1.0954750823449861,1538.0
001021,attacked,0.45,14.0,1.5210949880557694,0.2927054281713963,234.0
001021,clean,0.5,38.0,1.7752594656316374,0.8590905537308595,966.0
001021,attacked,0.5,9.0,1.3480086377137002,0.20239685368562133,154.0
001021,clean,0.55,20.0,1.7379520692281907,0.9455042489753535,591.0
001021,attacked,0.55,5.0,1.406319630475024,0.20316355270131803,97.0
001021,clean,0.6,11.0,1.5352306276533083,0.3516370766637833,368.0
001021,attacked,0.6,1.0,1.541932680299464,0.0,59.0
001021,clean,0.65,5.0,1.3729862971416906,0.2291113092233619,255.0
001021,attacked,0.65,1.0,1.304737854124365,0.0,38.0
001021,clean,0.7,1.0,1.304737854124365,0.0,126.0
001021,attacked,0.7,1.0,1.304737854124365,0.0,26.0
001021,clean,0.75,0.0,0.0,0.0,67.0
001021,attacked,0.75,0.0,0.0,0.0,17.0
001021,clean,0.8,0.0,0.0,0.0,38.0
001021,attacked,0.8,0.0,0.0,0.0,13.0
001021,clean,0.85,0.0,0.0,0.0,16.0
001021,attacked,0.85,0.0,0.0,0.0,7.0
001021,clean,0.9,0.0,0.0,0.0,7.0
001021,attacked,0.9,0.0,0.0,0.0,5.0
001021,clean,0.95,0.0,0.0,0.0,4.0
001021,attacked,0.95,0.0,0.0,0.0,2.0
001023,clean,0.0,1.0,108.15130094738052,0.0,43264.0
001023,attacked,0.0,1.0,108.06804424446672,0.0,43264.0
001023,clean,0.05,1.0,107.08105456854175,0.0,43264.0
001023,attacked,0.05,5.0,22.443073687511788,41.42669152185761,41864.0
001023,clean,0.1,28.0,5.058151734667353,17.556706655455425,29925.0
001023,attacked,0.1,258.0,2.6982597991017707,5.390692138440955,15448.0
001023,clean,0.15,199.0,3.10502629055445,6.427463281400319,16763.0
001023,attacked,0.15,236.0,2.4035786695981938,2.586605568036314,8044.0
001023,clean,0.2,211.0,2.7838015059360592,3.9506867176388316,9503.0
001023,attacked,0.2,146.0,2.1920978738211483,2.165437425663671,4698.0
001023,clean,0.25,234.0,2.264554800729059,2.2266201973116213,6277.0
001023,attacked,0.25,93.0,1.9658982576422568,1.9246853171668177,2950.0
001023,clean,0.3,173.0,2.0867909152621325,1.760587194880475,4267.0
001023,attacked,0.3,46.0,2.0899196141015897,1.79547551434869,1435.0
001023,clean,0.35,139.0,1.842748175155732,1.043692921390582,2882.0
001023,attacked,0.35,38.0,1.9482514980376975,1.3214423993689544,883.0
001023,clean,0.4,87.0,1.673169287665924,0.710597470653228,2040.0
001023,attacked,0.4,29.0,1.7859868875911327,0.6215752948522235,578.0
001023,clean,0.45,35.0,1.6288361062090575,0.5924387420222749,1188.0
001023,attacked,0.45,18.0,1.5836843741011557,0.43578722917329155,324.0
001023,clean,0.5,15.0,1.6199816162452274,0.595609634937528,622.0
001023,attacked,0.5,14.0,1.3431269557926944,0.180601534815054,193.0
001023,clean,0.55,8.0,1.5519845499083935,0.49581110178097787,419.0
001023,attacked,0.55,7.0,1.295088850131613,0.14563889901994548,115.0
001023,clean,0.6,4.0,1.2751198967620452,0.17610458404831303,291.0
001023,attacked,0.6,4.0,1.3640365606681397,0.10270837255693488,73.0
001023,clean,0.65,1.0,1.304737854124365,0.0,227.0
001023,attacked,0.65,2.0,1.304737854124365,0.0,51.0
001023,clean,0.7,0.0,0.0,0.0,180.0
001023,attacked,0.7,1.0,1.304737854124365,0.0,31.0
001023,clean,0.75,0.0,0.0,0.0,51.0
001023,attacked,0.75,0.0,0.0,0.0,17.0
001023,clean,0.8,0.0,0.0,0.0,27.0
001023,attacked,0.8,0.0,0.0,0.0,10.0
001023,clean,0.85,0.0,0.0,0.0,16.0
001023,attacked,0.85,0.0,0.0,0.0,7.0
001023,clean,0.9,0.0,0.0,0.0,10.0
001023,attacked,0.9,0.0,0.0,0.0,4.0
001023,clean,0.95,0.0,0.0,0.0,4.0
001023,attacked,0.95,0.0,0.0,0.0,3.0
001031,clean,0.0,1.0,108.83901113214844,0.0,43264.0
001031,attacked,0.0,1.0,109.10021881440896,0.0,43264.0
001031,clean,0.05,1.0,107.31025120320643,0.0,43264.0
001031,attacked,0.05,3.0,67.24996001368187,4.1165075291115585,8612.0
001031,clean,0.1,3.0,67.17539075763501,4.221964382349093,8569.0
001031,attacked,0.1,47.0,5.366764908617091,11.53553829788101,5869.0
001031,clean,0.15,13.0,12.00841382617095,23.89389972726569,6789.0
001031,attacked,0.15,142.0,2.75677127819412,6.1836281598837,4534.0
001031,clean,0.2,65.0,4.349422328492031,9.83419941388862,5422.0
001031,attacked,0.2,148.0,1.7556833048674358,1.1789563366963565,2679.0
001031,clean,0.25,129.0,3.00125664065813,6.629736592851783,4594.0
001031,attacked,0.25,70.0,1.6393800320642342,1.2911420119586234,1645.0
001031,clean,0.3,175.0,2.366711165720979,5.402546431095042,3981.0
001031,attacked,0.3,17.0,2.153505288128283,2.3457400619305853,1145.0
001031,clean,0.35,163.0,1.8062875669038247,0.9706541972454396,2604.0
001031,attacked,0.35,16.0,2.0417416341217276,1.6161860903466592,643.0
001031,clean,0.4,143.0,1.5995739502002966,0.6555738640255968,1794.0
001031,attacked,0.4,16.0,1.7810766582614834,0.884125755581903,401.0
001031,clean,0.45,98.0,1.4568405425515705,0.4673308877620071,1393.0
001031,attacked,0.45,12.0,1.7191900617746623,0.6668755877678365,168.0
001031,clean,0.5,45.0,1.4285460833034997,0.43666573969411876,1099.0
001031,attacked,0.5,13.0,1.4473260067513678,0.39216586261069786,122.0
001031,clean,0.55,17.0,1.5040347851297167,0.344929193062525,862.0
001031,attacked,0.55,6.0,1.3479463613465805,0.0966171593551645,78.0
001031,clean,0.6,10.0,1.3358904944478012,0.09345792097030803,672.0
001031,attacked,0.6,2.0,1.4343633757910115,0.12962552166664654,53.0
001031,clean,0.65,3.0,1.3096916887523828,0.25490866857442007,387.0
001031,attacked,0.65,1.0,1.304737854124365,0.0,37.0
001031,clean,0.7,1.0,1.304737854124365,0.0,273.0
001031,attacked,0.7,0.0,0.0,0.0,25.0
001031,clean,0.75,0.0,0.0,0.0,60.0
001031,attacked,0.75,0.0,0.0,0.0,14.0
001031,clean,0.8,0.0,0.0,0.0,28.0
001031,attacked,0.8,0.0,0.0,0.0,6.0
001031,clean,0.85,0.0,0.0,0.0,13.0
001031,attacked,0.85,0.0,0.0,0.0,5.0
001031,clean,0.9,0.0,0.0,0.0,6.0
001031,attacked,0.9,0.0,0.0,0.0,3.0
001031,clean,0.95,0.0,0.0,0.0,2.0
001031,attacked,0.95,0.0,0.0,0.0,2.0
001035,clean,0.0,1.0,109.58041005271227,0.0,43264.0
001035,attacked,0.0,1.0,108.99832442087613,0.0,43264.0
001035,clean,0.05,1.0,107.71711463357369,0.0,43241.0
001035,attacked,0.05,53.0,3.765120070171852,12.568406121728865,27322.0
001035,clean,0.1,52.0,3.7512442460768467,12.350960738336019,27268.0
001035,attacked,0.1,94.0,3.7159485065545157,9.12619620742025,14214.0
001035,clean,0.15,47.0,3.695338179240639,11.882609048466348,19829.0
001035,attacked,0.15,148.0,2.371885685837143,2.270538110055425,4702.0
001035,clean,0.2,94.0,3.6898625116943706,8.869698110046402,14088.0
001035,attacked,0.2,93.0,1.8083245545479933,1.4488024372530046,2018.0
001035,clean,0.25,214.0,2.483741265887305,2.96555941800275,6602.0
001035,attacked,0.25,35.0,1.9660601511342797,1.8717914972833103,867.0
001035,clean,0.3,157.0,2.213008389757597,1.9974284975811327,4078.0
001035,attacked,0.3,24.0,2.018920175302824,1.423312770489979,501.0
001035,clean,0.35,119.0,2.0138212824164357,1.1497528011472131,2706.0
001035,attacked,0.35,27.0,1.673565378911014,0.6389003687595192,319.0
001035,clean,0.4,89.0,1.676407930639843,0.6712578743676644,1463.0
001035,attacked,0.4,15.0,1.6547319590274947,0.4498687606729519,206.0
001035,clean,0.45,48.0,1.6127046131762028,0.4619518118552898,728.0
001035,attacked,0.45,11.0,1.4012886234692656,0.2458089043479559,131.0
001035,clean,0.5,29.0,1.3878960897584454,0.3777669880336664,398.0
001035,attacked,0.5,4.0,1.304737854124365,0.0,87.0
001035,clean,0.55,11.0,1.295497205786414,0.17676856121696283,217.0
001035,attacked,0.55,1.0,1.304737854124365,0.0,56.0
001035,clean,0.6,5.0,1.3466750900306244,0.1792348090309463,138.0
001035,attacked,0.6,0.0,0.0,0.0,36.0
001035,clean,0.65,3.0,1.2491822985688095,0.07856742013183865,81.0
001035,attacked,0.65,0.0,0.0,0.0,22.0
001035,clean,0.7,2.0,1.2214045207910318,0.08333333333333337,48.0
001035,attacked,0.7,0.0,0.0,0.0,12.0
001035,clean,0.75,2.0,1.1523689270621826,0.15236892706218252,20.0
001035,attacked,0.75,0.0,0.0,0.0,5.0
001035,clean,0.8,0.0,0.0,0.0,14.0
001035,attacked,0.8,0.0,0.0,0.0,3.0
001035,clean,0.85,0.0,0.0,0.0,4.0
001035,attacked,0.85,0.0,0.0,0.0,2.0
001035,clean,0.9,0.0,0.0,0.0,3.0
001035,attacked,0.9,0.0,0.0,0.0,1.0
001035,clean,0.95,0.0,0.0,0.0,1.0
001035,attacked,0.95,0.0,0.0,0.0,1.0
001046,clean,0.0,1.0,108.16994261716106,0.0,43264.0
001046,attacked,0.0,1.0,107.2169101244164,0.0,43264.0
001046,clean,0.05,5.0,22.63267929907189,42.98921622322838,42632.0
001046,attacked,0.05,68.0,4.1015282040150955,11.328144928187774,20426.0
001046,clean,0.1,30.0,6.663833281148313,15.607505192645624,17072.0
001046,attacked,0.1,43.0,5.0250707525366325,12.662587946879341,12305.0
001046,clean,0.15,38.0,5.959713756699351,15.48652753741798,13140.0
001046,attacked,0.15,48.0,3.349369246345256,6.104688156648201,5208.0
001046,clean,0.2,68.0,3.5670815354939314,7.485501488662901,4767.0
001046,attacked,0.2,82.0,2.566548010146128,3.083347998606833,3635.0
001046,clean,0.25,67.0,3.411360419261423,4.998679460984285,3726.0
001046,attacked,0.25,87.0,2.1134503938648215,2.400541481586153,2035.0
001046,clean,0.3,89.0,2.5793943176628833,1.8111203384938699,2879.0
001046,attacked,0.3,62.0,2.2364890894313336,1.2615885173140315,1309.0
001046,clean,0.35,89.0,2.1571904963424258,1.1793640408848114,2281.0
001046,attacked,0.35,52.0,1.7497526397874927,0.7482998377746954,785.0
001046,clean,0.4,85.0,1.7879858098510633,0.7325086108652965,1442.0
001046,attacked,0.4,29.0,1.5565606878654024,0.44565096802477105,495.0
001046,clean,0.45,61.0,1.5663930918114486,0.5756873109167284,900.0
001046,attacked,0.45,13.0,1.5151216335634035,0.5234899194173964,294.0
001046,clean,0.5,20.0,1.7469067720296707,0.6800344624805825,601.0
001046,attacked,0.5,10.0,1.3630157552142421,0.29415204268326306,182.0
001046,clean,0.55,12.0,1.47733693668437,0.40683204539767753,359.0
001046,attacked,0.55,6.0,1.4341607705887747,0.31066701206461106,120.0
001046,clean,0.6,6.0,1.5859609330566853,0.31180669114816933,232.0
001046,attacked,0.6,5.0,1.2912292485345118,0.17217092273415224,85.0
001046,clean,0.65,4.0,1.304737854124365,0.0,142.0
001046,attacked,0.65,1.0,1.304737854124365,0.0,50.0
001046,clean,0.7,2.0,1.304737854124365,0.0,86.0
001046,attacked,0.7,1.0,1.304737854124365,0.0,32.0
001046,clean,0.75,0.0,0.0,0.0,40.0
001046,attacked,0.75,0.0,0.0,0.0,18.0
001046,clean,0.8,0.0,0.0,0.0,18.0
001046,attacked,0.8,0.0,0.0,0.0,11.0
001046,clean,0.85,0.0,0.0,0.0,10.0
001046,attacked,0.85,0.0,0.0,0.0,6.0
001046,clean,0.9,0.0,0.0,0.0,6.0
001046,attacked,0.9,0.0,0.0,0.0,4.0
001046,clean,0.95,0.0,0.0,0.0,2.0
001046,attacked,0.95,0.0,0.0,0.0,1.0
001055,clean,0.0,1.0,108.0416221998739,0.0,43264.0
001055,attacked,0.0,1.0,107.32756488927775,0.0,43264.0
001055,clean,0.05,1.0,108.62886479353706,0.0,43264.0
001055,attacked,0.05,44.0,3.8183467238219126,13.793058443497458,21862.0
001055,clean,0.1,9.0,13.432557618516102,21.61061388380727,16715.0
001055,attacked,0.1,12.0,10.631158696268752,19.342892521952052,15443.0
001055,clean,0.15,17.0,7.9046115118587466,16.824065900515656,14903.0
001055,attacked,0.15,82.0,3.297051148581977,7.560793032209894,9095.0
001055,clean,0.2,72.0,3.7374874724676297,8.25870692298886,9452.0
001055,attacked,0.2,204.0,1.8643765043386908,1.5808790140957851,4283.0
001055,clean,0.25,233.0,2.12914227752679,1.6539516439175408,4729.0
001055,attacked,0.25,94.0,1.790378869799524,1.9180452280332143,2672.0
001055,clean,0.3,177.0,1.700866304868331,1.0265172235682687,2936.0
001055,attacked,0.3,65.0,1.8429975150540856,1.7357196921486622,1375.0
001055,clean,0.35,89.0,1.7016005976520274,1.0563488836801178,1932.0
001055,attacked,0.35,48.0,1.890207330430029,1.2294876533806276,797.0
001055,clean,0.4,57.0,1.6023639677219792,0.8829080413742636,938.0
001055,attacked,0.4,41.0,1.661657223863254,0.6385523461139361,498.0
001055,clean,0.45,32.0,1.6585331422460188,1.0697460107089232,568.0
001055,attacked,0.45,21.0,1.5635710156718332,0.49608814081376656,302.0
001055,clean,0.5,20.0,1.6869344051034922,1.1685179450680714,337.0
001055,attacked,0.5,12.0,1.4274547394656816,0.21039456083567015,191.0
001055,clean,0.55,13.0,1.586729659789979,0.4535713467115681,211.0
001055,attacked,0.55,3.0,1.304737854124365,0.0,96.0
001055,clean,0.6,5.0,1.454637921607313,0.20315913528748006,131.0
001055,attacked,0.6,2.0,1.304737854124365,0.0,68.0
001055,clean,0.65,2.0,1.4233352672119146,0.11859741308754945,83.0
001055,attacked,0.65,0.0,0.0,0.0,39.0
001055,clean,0.7,0.0,0.0,0.0,47.0
001055,attacked,0.7,0.0,0.0,0.0,27.0
001055,clean,0.75,0.0,0.0,0.0,23.0
001055,attacked,0.75,0.0,0.0,0.0,14.0
001055,clean,0.8,0.0,0.0,0.0,12.0
001055,attacked,0.8,0.0,0.0,0.0,10.0
001055,clean,0.85,0.0,0.0,0.0,8.0
001055,attacked,0.85,0.0,0.0,0.0,5.0
001055,clean,0.9,0.0,0.0,0.0,4.0
001055,attacked,0.9,0.0,0.0,0.0,2.0
001055,clean,0.95,0.0,0.0,0.0,1.0
001055,attacked,0.95,0.0,0.0,0.0,1.0
001059,clean,0.0,1.0,109.27559229708824,0.0,43264.0
001059,attacked,0.0,1.0,107.38752085419608,0.0,43264.0
001059,clean,0.05,1.0,109.28201860563807,0.0,43264.0
001059,attacked,0.05,108.0,2.9488309115374065,10.405640217555614,22531.0
001059,clean,0.1,1.0,109.5943075199947,0.0,43179.0
001059,attacked,0.1,27.0,2.748246057957122,5.0459344476984,3089.0
001059,clean,0.15,84.0,3.493468892098462,12.145233355763215,25533.0
001059,attacked,0.15,13.0,2.8920189095763407,2.65101241003105,1261.0
001059,clean,0.2,68.0,3.899731746218907,8.906493104950572,11477.0
001059,attacked,0.2,4.0,3.2666805999826405,2.9985805406733808,285.0
001059,clean,0.25,51.0,3.137689312484988,6.323255186658195,5739.0
001059,attacked,0.25,3.0,3.508733219959343,3.304955435873894,208.0
001059,clean,0.3,22.0,3.333068847464133,5.9458750115473915,3227.0
001059,attacked,0.3,7.0,2.516239952065281,1.7186055090464523,172.0
001059,clean,0.35,47.0,2.3775947068719,2.926830989611853,2259.0
001059,attacked,0.35,4.0,3.076590033455723,1.8826646894106394,143.0
001059,clean,0.4,32.0,2.1415132932837206,2.6959746291033446,1581.0
001059,attacked,0.4,9.0,1.7463025837759267,0.6718356443017824,106.0
001059,clean,0.45,18.0,2.4014435526449853,1.9617411136006981,1177.0
001059,attacked,0.45,11.0,1.4863337109626982,0.34223265001024505,82.0
001059,clean,0.5,8.0,2.9673615324047726,2.3678651720931554,901.0
001059,attacked,0.5,6.0,1.582246368849902,0.3618463881854811,57.0
001059,clean,0.55,8.0,2.394885153742556,1.4609071712432584,633.0
001059,attacked,0.55,4.0,1.2285533905932737,0.1319553615832283,38.0
001059,clean,0.6,5.0,1.848279171058262,0.7722250252566892,311.0
001059,attacked,0.6,1.0,1.304737854124365,0.0,30.0
001059,clean,0.65,1.0,2.404466771733269,0.0,49.0
001059,attacked,0.65,0.0,0.0,0.0,15.0
001059,clean,0.7,1.0,1.304737854124365,0.0,23.0
001059,attacked,0.7,0.0,0.0,0.0,8.0
001059,clean,0.75,0.0,0.0,0.0,17.0
001059,attacked,0.75,0.0,0.0,0.0,5.0
001059,clean,0.8,0.0,0.0,0.0,10.0
001059,attacked,0.8,0.0,0.0,0.0,3.0
001059,clean,0.85,0.0,0.0,0.0,7.0
001059,attacked,0.85,0.0,0.0,0.0,2.0
001059,clean,0.9,0.0,0.0,0.0,4.0
001059,attacked,0.9,0.0,0.0,0.0,1.0
001059,clean,0.95,0.0,0.0,0.0,1.0
001059,attacked,0.95,0.0,0.0,0.0,1.0
001063,clean,0.0,1.0,109.09551003193792,0.0,43264.0
001063,attacked,0.0,1.0,107.2889029675696,0.0,43264.0
001063,clean,0.05,1.0,108.2003855101244,0.0,43264.0
001063,attacked,0.05,14.0,7.882198624885842,22.992169363183464,25999.0
001063,clean,0.1,10.0,10.349593743351326,27.142759015658452,26738.0
001063,attacked,0.1,59.0,4.006403680644717,9.94963116476727,13170.0
001063,clean,0.15,53.0,4.033959715526148,12.563951788492911,20989.0
001063,attacked,0.15,114.0,2.7940711487363745,3.470958990643378,5795.0
001063,clean,0.2,84.0,3.374328165721434,8.745559027871051,14355.0
001063,attacked,0.2,87.0,2.1947349156756406,2.79349454329668,3282.0
001063,clean,0.25,85.0,3.6233587292240657,7.33736800848901,10068.0
001063,attacked,0.25,58.0,2.3473804576116066,2.222180521455358,1674.0
001063,clean,0.3,139.0,2.540092069540965,4.784598466742924,6104.0
001063,attacked,0.3,54.0,2.126588674658301,1.3510339213934783,982.0
001063,clean,0.35,152.0,2.487143978602868,2.9196019434702163,3840.0
001063,attacked,0.35,39.0,1.8631979676560415,1.0276124690881814,615.0
001063,clean,0.4,143.0,1.9307442819181415,1.3599092277664562,2728.0
001063,attacked,0.4,24.0,1.7010798356978458,0.7020055408383473,377.0
001063,clean,0.45,98.0,1.79978364839549,1.0424909263156594,1983.0
001063,attacked,0.45,14.0,1.5196271712376916,0.47369857566350426,231.0
001063,clean,0.5,62.0,1.6632858291890145,0.6975957465024476,1231.0
001063,attacked,0.5,13.0,1.2846184351797592,0.22411934009980414,156.0
001063,clean,0.55,36.0,1.5379416786722606,0.5796087985494952,674.0
001063,attacked,0.55,6.0,1.2031585694162434,0.14365480209038362,102.0
001063,clean,0.6,18.0,1.5551662309653145,0.40776807172891244,433.0
001063,attacked,0.6,1.0,1.304737854124365,0.0,67.0
001063,clean,0.65,10.0,1.5426295535008774,0.43506192776056735,267.0
001063,attacked,0.65,0.0,0.0,0.0,41.0
001063,clean,0.7,3.0,1.9989296633720397,0.5358282666149163,156.0
001063,attacked,0.7,0.0,0.0,0.0,24.0
001063,clean,0.75,4.0,1.1523689270621826,0.15236892706218252,87.0
001063,attacked,0.75,0.0,0.0,0.0,16.0
001063,clean,0.8,2.0,1.1523689270621826,0.15236892706218252,47.0
001063,attacked,0.8,0.0,0.0,0.0,14.0
001063,clean,0.85,0.0,0.0,0.0,23.0
001063,attacked,0.85,0.0,0.0,0.0,7.0
001063,clean,0.9,0.0,0.0,0.0,9.0
001063,attacked,0.9,0.0,0.0,0.0,3.0
001063,clean,0.95,0.0,0.0,0.0,2.0
001063,attacked,0.95,0.0,0.0,0.0,1.0
001065,clean,0.0,1.0,109.4524968271814,0.0,43264.0
001065,attacked,0.0,1.0,109.25383832018419,0.0,43264.0
001065,clean,0.05,1.0,108.84293946382255,0.0,43264.0
001065,attacked,0.05,66.0,3.7239525466713155,10.908042090745662,17940.0
001065,clean,0.1,47.0,4.594563727871881,13.454786329948492,23341.0
001065,attacked,0.1,104.0,3.617191416994119,5.069401717133235,7076.0
001065,clean,0.15,49.0,4.70434261089303,12.604892770447307,13329.0
001065,attacked,0.15,66.0,2.2052489155921267,2.664004123226426,2818.0
001065,clean,0.2,82.0,4.048815542077445,7.399192228104744,9508.0
001065,attacked,0.2,29.0,2.239965593062841,3.3824608493658834,1579.0
001065,clean,0.25,128.0,3.075714759050354,3.6556959526107815,5143.0
001065,attacked,0.25,21.0,2.744763560381494,2.357261089805408,913.0
001065,clean,0.3,85.0,2.5402104650686836,2.2650833310724368,2606.0
001065,attacked,0.3,36.0,1.9884516947832775,1.093251340344488,535.0
001065,clean,0.35,73.0,1.9705293040326888,1.4987781344102804,1790.0
001065,attacked,0.35,27.0,1.7830670127226877,0.6502553427290381,348.0
001065,clean,0.4,31.0,1.9741614092923623,1.1357282395198156,1296.0
001065,attacked,0.4,19.0,1.5187876986493662,0.5241283736596168,232.0
001065,clean,0.45,25.0,1.6509440989605488,0.7048436303527364,938.0
001065,attacked,0.45,11.0,1.3402827177183334,0.2111395721998336,151.0
001065,clean,0.5,17.0,1.5324528295564814,0.5185121843557688,587.0
001065,attacked,0.5,3.0,1.4628677382410977,0.11181471336718457,93.0
001065,clean,0.55,6.0,1.3393324636435775,0.240880805426014,280.0
001065,attacked,0.55,1.0,1.541932680299464,0.0,62.0
001065,clean,0.6,0.0,0.0,0.0,209.0
001065,attacked,0.6,1.0,1.304737854124365,0.0,43.0
001065,clean,0.65,0.0,0.0,0.0,124.0
001065,attacked,0.65,0.0,0.0,0.0,26.0
001065,clean,0.7,0.0,0.0,0.0,71.0
001065,attacked,0.7,0.0,0.0,0.0,15.0
001065,clean,0.75,0.0,0.0,0.0,11.0
001065,attacked,0.75,0.0,0.0,0.0,9.0
001065,clean,0.8,0.0,0.0,0.0,6.0
001065,attacked,0.8,0.0,0.0,0.0,4.0
001065,clean,0.85,0.0,0.0,0.0,3.0
001065,attacked,0.85,0.0,0.0,0.0,3.0
001065,clean,0.9,0.0,0.0,0.0,3.0
001065,attacked,0.9,0.0,0.0,0.0,2.0
001065,clean,0.95,0.0,0.0,0.0,3.0
001065,attacked,0.95,0.0,0.0,0.0,2.0
001067,clean,0.0,1.0,107.6386948453675,0.0,43264.0
001067,attacked,0.0,1.0,107.04899971582277,0.0,43264.0
001067,clean,0.05,1.0,108.71492284365243,0.0,43240.0
001067,attacked,0.05,15.0,9.940344969807983,26.852082730440504,31296.0
001067,clean,0.1,16.0,8.160096858647645,24.442420322007994,31684.0
001067,attacked,0.1,289.0,2.691711587923405,3.5204687742604897,12311.0
001067,clean,0.15,132.0,2.609139473316979,7.382778766881102,20886.0
001067,attacked,0.15,227.0,1.8919152166478426,1.8262060474746846,5485.0
001067,clean,0.2,240.0,2.9160234654439976,4.676024502644707,13045.0
001067,attacked,0.2,77.0,2.1218800176522286,2.0949514521261956,2596.0
001067,clean,0.25,330.0,2.106902265619993,2.1000782417210626,7801.0
001067,attacked,0.25,34.0,1.892912304277361,2.221340453408725,1087.0
001067,clean,0.3,251.0,1.8736132704505692,1.6415096625414993,5294.0
001067,attacked,0.3,16.0,2.449125320881115,2.215882263100626,599.0
001067,clean,0.35,170.0,1.7695288328894585,1.6512104870650137,3784.0
001067,attacked,0.35,23.0,2.0095326776018503,1.4423516571598427,375.0
001067,clean,0.4,100.0,1.8645658133021208,1.808585826573156,2558.0
001067,attacked,0.4,19.0,1.7409825977959175,0.8936368658214557,256.0
001067,clean,0.45,69.0,1.7687223739944038,0.979068347537498,1345.0
001067,attacked,0.45,12.0,1.6940688804964266,0.6660853810277797,178.0
001067,clean,0.5,40.0,1.5616213422928715,0.5408757166275764,732.0
001067,attacked,0.5,8.0,1.4496707851743613,0.19138880108546646,120.0
001067,clean,0.55,16.0,1.4973095864505044,0.5305291894861737,405.0
001067,attacked,0.55,7.0,1.2760412310839937,0.1182539013033244,83.0
001067,clean,0.6,5.0,1.2559797974644666,0.1301483965936779,210.0
001067,attacked,0.6,3.0,1.2031585694162434,0.14365480209038362,60.0
001067,clean,0.65,0.0,0.0,0.0,111.0
001067,attacked,0.65,1.0,1.304737854124365,0.0,36.0
001067,clean,0.7,0.0,0.0,0.0,59.0
001067,attacked,0.7,0.0,0.0,0.0,23.0
001067,clean,0.75,0.0,0.0,0.0,32.0
001067,attacked,0.75,0.0,0.0,0.0,13.0
001067,clean,0.8,0.0,0.0,0.0,16.0
001067,attacked,0.8,0.0,0.0,0.0,8.0
001067,clean,0.85,0.0,0.0,0.0,5.0
001067,attacked,0.85,0.0,0.0,0.0,4.0
001067,clean,0.9,0.0,0.0,0.0,4.0
001067,attacked,0.9,0.0,0.0,0.0,2.0
001067,clean,0.95,0.0,0.0,0.0,1.0
001067,attacked,0.95,0.0,0.0,0.0,1.0
001076,clean,0.0,1.0,107.02806072316065,0.0,43264.0
001076,attacked,0.0,1.0,108.64896737460843,0.0,43264.0
001076,clean,0.05,1.0,108.71687137035724,0.0,43264.0
001076,attacked,0.05,1.0,94.79192229555063,0.0,29974.0
001076,clean,0.1,7.0,16.550605552340492,34.438034779589294,27880.0
001076,attacked,0.1,75.0,3.0194090252786494,10.94343006430859,21981.0
001076,clean,0.15,76.0,3.059262803151419,10.739176243962488,21604.0
001076,attacked,0.15,159.0,3.043947721387173,5.911123360043616,9185.0
001076,clean,0.2,152.0,3.4277983374932925,7.085855781386843,13688.0
001076,attacked,0.2,187.0,2.5730712866532373,2.823492425425965,5916.0
001076,clean,0.25,166.0,2.833619799024401,3.8130579733149528,6867.0
001076,attacked,0.25,142.0,2.173751879176595,2.084068894947085,3394.0
001076,clean,0.3,191.0,2.493424680452063,2.494746546934478,5086.0
001076,attacked,0.3,93.0,2.005072897868517,1.8865436556874289,1981.0
001076,clean,0.35,153.0,2.190610786109041,1.9641155497072948,3355.0
001076,attacked,0.35,61.0,1.848966574209518,1.0483991273679494,1156.0
001076,clean,0.4,116.0,1.9306256802662582,1.553398136012539,2186.0
001076,attacked,0.4,32.0,1.9108918022128372,0.9404136692639289,634.0
001076,clean,0.45,76.0,1.7916778316657171,1.1789611992896742,1360.0
001076,attacked,0.45,21.0,1.6562716546472507,0.6386515967139419,342.0
001076,clean,0.5,43.0,1.6783180925437235,0.8271626973819578,863.0
001076,attacked,0.5,17.0,1.4232241869053837,0.35235102406898355,180.0
001076,clean,0.55,23.0,1.701983128115701,0.7662139298880067,555.0
001076,attacked,0.55,8.0,1.3397788339384453,0.07770045059948155,109.0
001076,clean,0.6,8.0,1.8927373296243106,0.5176749421443962,303.0
001076,attacked,0.6,4.0,1.304737854124365,0.0,66.0
001076,clean,0.65,4.0,1.5319065807152983,0.2303054044536037,171.0
001076,attacked,0.65,0.0,0.0,0.0,42.0
001076,clean,0.7,4.0,1.2285533905932737,0.13195536158322832,91.0
001076,attacked,0.7,0.0,0.0,0.0,23.0
001076,clean,0.75,0.0,0.0,0.0,26.0
001076,attacked,0.75,0.0,0.0,0.0,18.0
001076,clean,0.8,0.0,0.0,0.0,15.0
001076,attacked,0.8,0.0,0.0,0.0,10.0
001076,clean,0.85,0.0,0.0,0.0,8.0
001076,attacked,0.85,0.0,0.0,0.0,8.0
001076,clean,0.9,0.0,0.0,0.0,3.0
001076,attacked,0.9,0.0,0.0,0.0,3.0
001076,clean,0.95,0.0,0.0,0.0,2.0
001076,attacked,0.95,0.0,0.0,0.0,2.0
001086,clean,0.0,1.0,107.8440886840058,0.0,43264.0
001086,attacked,0.0,1.0,108.7702346634915,0.0,43264.0
001086,clean,0.05,2.0,53.78233669328191,52.477598839157544,43202.0
001086,attacked,0.05,67.0,3.2833363946559233,11.558715855569305,28994.0
001086,clean,0.1,67.0,3.505886631987048,11.688255536241828,26355.0
001086,attacked,0.1,122.0,3.2705928691569106,8.271431551677404,19325.0
001086,clean,0.15,60.0,3.816808799351426,11.69619705650024,21370.0
001086,attacked,0.15,202.0,2.2491982271790456,2.861558771481155,5112.0
001086,clean,0.2,199.0,2.825896175417282,5.283162625209028,13784.0
001086,attacked,0.2,95.0,1.8814975055094827,1.974681155304066,2598.0
001086,clean,0.25,224.0,2.3219119619056436,3.1240789176960093,4843.0
001086,attacked,0.25,48.0,2.315597298427493,1.7950468648642022,1327.0
001086,clean,0.3,160.0,1.8330818443665422,1.2936903331749054,3117.0
001086,attacked,0.3,37.0,2.1339753757630207,1.2830653909813126,780.0
001086,clean,0.35,103.0,1.691991874173365,0.9260984276550964,1888.0
001086,attacked,0.35,32.0,1.73499437232371,0.8293245989070388,466.0
001086,clean,0.4,40.0,1.991951661243722,1.0834131968790182,1037.0
001086,attacked,0.4,18.0,1.6283375185078888,0.4594394751669267,291.0
001086,clean,0.45,26.0,1.975945528498632,1.1037323272472712,653.0
001086,attacked,0.45,11.0,1.4144096352421733,0.2563561775894571,165.0
001086,clean,0.5,16.0,1.9910400636562846,0.7336324187470746,396.0
001086,attacked,0.5,5.0,1.406319630475024,0.20316355270131803,105.0
001086,clean,0.55,14.0,1.623213766849306,0.4245788742397329,251.0
001086,attacked,0.55,2.0,1.304737854124365,0.0,63.0
001086,clean,0.6,7.0,1.5755773037211813,0.22922568396098464,152.0
001086,attacked,0.6,2.0,1.304737854124365,0.0,40.0
001086,clean,0.65,2.0,1.304737854124365,0.0,85.0
001086,attacked,0.65,1.0,1.304737854124365,0.0,32.0
001086,clean,0.7,0.0,0.0,0.0,49.0
001086,attacked,0.7,0.0,0.0,0.0,14.0
001086,clean,0.75,0.0,0.0,0.0,32.0
001086,attacked,0.75,0.0,0.0,0.0,6.0
001086,clean,0.8,0.0,0.0,0.0,15.0
001086,attacked,0.8,0.0,0.0,0.0,4.0
001086,clean,0.85,0.0,0.0,0.0,7.0
001086,attacked,0.85,0.0,0.0,0.0,3.0
001086,clean,0.9,0.0,0.0,0.0,3.0
001086,attacked,0.9,0.0,0.0,0.0,2.0
001086,clean,0.95,0.0,0.0,0.0,2.0
001086,attacked,0.95,0.0,0.0,0.0,1.0
001087,clean,0.0,1.0,109.53567916140878,0.0,43264.0
001087,attacked,0.0,1.0,110.72624055339735,0.0,43264.0
001087,clean,0.05,3.0,38.25746793087724,52.376947366770835,43083.0
001087,attacked,0.05,5.0,19.765954261591027,37.24159363714753,27207.0
001087,clean,0.1,3.0,32.98124074632559,44.91524266632859,26961.0
001087,attacked,0.1,111.0,3.113889295042194,10.040476083446816,12017.0
001087,clean,0.15,45.0,4.076117554240985,14.635506924434408,23494.0
001087,attacked,0.15,92.0,2.7166159456821264,3.161911461091642,3590.0
001087,clean,0.2,66.0,3.8570228747576607,11.847526560329362,15507.0
001087,attacked,0.2,76.0,1.959522309333389,2.3651540867701795,2139.0
001087,clean,0.25,69.0,4.432992225413765,7.397610064609975,3663.0
001087,attacked,0.25,36.0,2.5113360982955735,3.099944194866198,1273.0
001087,clean,0.3,89.0,3.0932148287968135,5.315332615157861,2749.0
001087,attacked,0.3,28.0,2.493041992647887,2.4008737763034387,768.0
001087,clean,0.35,76.0,2.4370707256098783,2.4157049947867946,2222.0
001087,attacked,0.35,29.0,2.2499215493241227,2.0930794900257266,490.0
001087,clean,0.4,87.0,1.9178038100224934,1.353129993813847,1514.0
001087,attacked,0.4,20.0,2.216948593093672,2.1990791575798347,342.0
001087,clean,0.45,65.0,1.7012027736592232,1.0661131740412284,1040.0
001087,attacked,0.45,17.0,1.7893775553896787,0.8135144936427658,231.0
001087,clean,0.5,32.0,1.8226091948696248,1.0782181455851994,761.0
001087,attacked,0.5,12.0,1.661763323696528,0.6940334321013294,171.0
001087,clean,0.55,10.0,2.106529576059695,0.8868496228842674,457.0
001087,attacked,0.55,3.0,1.6916300169356238,0.5046654540981855,103.0
001087,clean,0.6,6.0,1.8914556365161788,0.40869505946844087,264.0
001087,attacked,0.6,2.0,1.7037626854609864,0.39902483133662126,58.0
001087,clean,0.65,4.0,1.3047561399795786,0.1178769917205119,154.0
001087,attacked,0.65,1.0,1.9080492619509282,0.0,37.0
001087,clean,0.7,2.0,1.3881077591681257,0.08336990504376063,74.0
001087,attacked,0.7,1.0,1.304737854124365,0.0,22.0
001087,clean,0.75,2.0,1.304737854124365,0.0,42.0
001087,attacked,0.75,1.0,1.304737854124365,0.0,16.0
001087,clean,0.8,0.0,0.0,0.0,19.0
001087,attacked,0.8,0.0,0.0,0.0,6.0
001087,clean,0.85,0.0,0.0,0.0,9.0
001087,attacked,0.85,0.0,0.0,0.0,5.0
001087,clean,0.9,0.0,0.0,0.0,4.0
001087,attacked,0.9,0.0,0.0,0.0,3.0
001087,clean,0.95,0.0,0.0,0.0,2.0
001087,attacked,0.95,0.0,0.0,0.0,1.0
